id,first_observed_date,incident_type,incident_subtype,source_name,source_url,summary,user_mistake,prevention,classification_warning
INC-20260308-32ce232de6, 2026-03-08,scam,exchange_scam,Reddit,https://www.reddit.com/r/CryptoScams/comments/1rnqcdf/withdrawal_stopped_and_asking_for_deposit/,User deposited crypto to an online platform offering arbitrage trading; after attempting withdrawal the platform claimed AML flag and demanded additional deposits to release funds while balances remained visible but inaccessible.,Sent additional deposit to unlock withdrawal,Refuse platforms that require deposits to release withdrawals / withdraw small test amount before increasing deposits,none
INC-20260307-d2c543ac99, 2026-03-07,scam,social_engineering,Reddit,https://www.reddit.com/r/CryptoHelp/comments/1rnnpj0/carding_scam/,User paid an individual offering discounted USDT obtained through carding; tokens were transferred initially but later disappeared indicating use of fraudulent flash tokens and the seller ceased communication.,Purchased discounted crypto from unknown seller,Refuse crypto offers priced far below market value / transact only through established exchanges or platforms,none
INC-20260307-435ad8f1f6, 2026-03-07,user_mistake,tax_recordkeeping,Reddit,https://www.reddit.com/r/Coinbase/comments/1rndkle/how_can_i_get_my_1099da_form_after_i_closed_my/,User closed a Coinbase account and later needed the 1099 DA tax form for reporting but could not access the document because the platform required login to retrieve account tax records.,Closed exchange account before exporting tax documents,Download and store exchange tax documents before closing accounts,none
INC-20260307-20a4619db5, 2026-03-07,scam,phishing,Reddit,https://www.reddit.com/r/CryptoScams/comments/1rn9vjf/is_rpcfixerapp_a_scam/,User asked about a transaction in a Discord token chat and received a support ticket directing them to rpc fixer site; after connecting the wallet to the site the wallet was later drained.,Connected wallet to a support link provided in chat,Ignore support tickets sent through chat and open official support pages independently / avoid connecting wallets to troubleshooting sites,none
INC-20260307-cebf657b30, 2026-03-07,user_mistake,approval_misunderstanding,Reddit,https://www.reddit.com/r/Bitcoin/comments/1rn59lh/found_old_wallet_but_000_balance_and_no/,User restored a 2017 wallet seed into modern wallet software and observed zero balance because the wallet used a different derivation path and the software did not automatically display the addresses containing prior funds.,Restored seed phrase without selecting the original derivation path,Restore legacy wallets using the correct derivation path used at creation,insufficient detail to confirm funds status
INC-20260306-3ba5de108e, 2026-03-06,scam,exchange_scam,Reddit,https://www.reddit.com/r/CryptoScams/comments/1rmz39g/do_not_trust_anything_with_the_trion_app/,User deposited cryptocurrency into the Trion platform promoted through token trading guidance; withdrawal attempts were repeatedly blocked with changing excuses preventing any funds from leaving the platform.,Deposited funds into an unverified trading platform recommended by others,Withdraw funds immediately after first deposit to confirm real withdrawal capability / avoid platforms promoted through unsolicited trading guidance,none
INC-20260306-53aeb4e381, 2026-03-06,scam,social_engineering,Reddit,https://www.reddit.com/r/CryptoScams/comments/1rmn7sl/i_think_i_just_lost_my_life_savings_to_a/,User joined a WhatsApp group promoting a DeFi liquidity mining opportunity and deposited funds; when attempting withdrawal the wallet was drained and scammers then promoted a recovery service to extract additional payments.,Joined investment group on messaging app and deposited funds,Avoid investment groups operating through messaging apps / interact with DeFi protocols only through official project websites,none
INC-20260305-e5ae93d687, 2026-03-05,hack,fake_app_or_extension_hack,Socket,https://socket.dev/blog/fake-imtoken-chrome-extension-steals-seed-phrases-via-phishing-redirects?utm_medium=feed,A malicious Chrome extension impersonating the imToken wallet redirected users to a lookalike phishing site that captured seed phrases or private keys enabling attackers to take control of victims wallets.,Installed a wallet related browser extension from an unverified source,Install wallet software only from the official vendor distribution channel,none
INC-20260307-24cac37707, 2026-03-07,scam,blackmail_extortion,X,https://x.com/StarPlatinum_/status/2030293099172278445,Victim was abducted and assaulted by individuals who forced disclosure of crypto wallet access and transferred cryptocurrency during the attack before killing the victim.,Publicly known possession of significant cryptocurrency holdings,Avoid publicly disclosing crypto holdings and custody details,none
INC-20260308-601cddb8a0, 2026-03-08,scam,social_engineering,Reddit,https://www.reddit.com/r/CryptoScams/comments/1roeef2/looking_to_see_if_someone_was_trying_to_scam_me/,An individual offered to help a new crypto user set up a wallet and directed the victim to a website providing RPC configuration and token instructions which appears to be part of a scam setup to gain later control or exploit wallet interactions.,Trusted unsolicited guidance from an unknown individual about wallet setup,Ignore unsolicited offers of crypto setup help and configure wallets only using official documentation,none
INC-20260308-b3e83e5978, 2026-03-08,scam,social_media_scam,Reddit,https://www.reddit.com/r/CryptoScams/comments/1ro7nk6/aiacoin_huge_scam/,A Telegram bot promoted a scheme promising users they could earn money but required an initial trading deposit which is a common setup used to extract funds from victims.,Engaged with a money making bot promoted on social media,Avoid interacting with trading or profit bots promoted on Telegram or social platforms,none
INC-20260308-797915a6b5, 2026-03-08,scam,phishing,Reddit,https://www.reddit.com/r/defi/comments/1ro38k5/warning_compound_finance_frontend_might_be_hacked/,Users attempting to access Compound Finance reported being redirected to a lookalike domain compoond.finance which appears to be a phishing interface designed to capture wallet connections or approvals.,Attempted wallet interaction on a lookalike DeFi domain,Access DeFi applications only through bookmarked official domains and verify spelling before connecting wallets,none
INC-20260308-c87ce278dd, 2026-03-08,scam,crypto_wallet_scam,Reddit,https://www.reddit.com/r/CryptoScams/comments/1ro350x/qcorefinance_new_scam_token/,Victims reported receiving unsolicited tokens that direct holders to a website encouraging wallet connection where interacting with the malicious contract can drain assets from the wallet.,Considered interacting with unsolicited tokens received in the wallet,Ignore unsolicited tokens and never connect a wallet to websites promoted by unknown token airdrops,none
INC-20260308-1128594d99, 2026-03-08,scam,exchange_scam,Reddit,https://www.reddit.com/r/CryptoScams/comments/1ro0gaf/hyperdash_a_scam/,User deposited funds into the Hyperdash website which appeared legitimate but withdrawals were blocked and the user was banned from the platform community after questioning the issue.,Deposited funds into an unknown trading platform without independent verification,Research platform registration history and reputation before depositing funds,none
INC-20260310-7437eff78a, 2026-03-10,user_mistake,lost_wallet_access,Reddit,https://www.reddit.com/r/Bitcoin/comments/1rqc8s6/recovering_old_btc_wallets_advice/,User mined bitcoin in 2012 and stored funds in Armory and Bitcoin Core wallets but cannot access the funds because the wallet password is unknown.,Did not securely record or retain the wallet password needed to unlock the wallet,Store wallet passwords in a secure offline password record system,none
INC-20260310-79d72f2224, 2026-03-10,scam,exchange_scam,Reddit,https://www.reddit.com/r/CryptoScams/comments/1rqbj71/oriongold/,User encountered a website claiming to be a crypto investment platform that attempted to install software and claimed regulatory registration despite lacking verifiable information or official app distribution.,Considered using a newly created platform with no verifiable reputation,Avoid platforms that require software installation outside official app stores,none
INC-20260310-888dc30bd8, 2026-03-10,scam,phishing,Reddit,https://www.reddit.com/r/CryptoScams/comments/1rq7olk/am_i_safe/,User clicked a link leading to a crypto scam page that attempted to prompt wallet connection but the user did not approve any connection or transaction.,Clicked an unverified link related to crypto rewards,Avoid opening crypto reward links from unknown sources,none
INC-20260310-7b02acace1, 2026-03-10,hack,fake_app_or_extension_hack,Reddit,https://www.reddit.com/r/solana/comments/1rq6etw/watch_out_for_scammer_tiktok_conviiction/,A scammer posing as a trading mentor on TikTok convinced a victim to install a malicious browser extension and connect a Phantom wallet which enabled the attacker to drain the wallet shortly after connection.,Installed a browser extension recommended by an untrusted individual,Install browser extensions only from verified official sources and never during live screen share sessions,mixed scam and technical vectors
INC-20260310-f61a2e16d5, 2026-03-10,user_mistake,backup_failure,Reddit,https://www.reddit.com/r/Bitcoin/comments/1rpz0n4/trying_to_recover_a_july_2012_bitcoin_wallet_need/,User attempted to recover a 2012 Bitcoin wallet using a 12 word phrase believed to be a seed but recovery failed because the phrase likely does not correspond to the actual wallet backup format used at the time.,Misidentified or incorrectly recorded the wallet recovery information,Preserve original wallet backup files and document the wallet software and recovery method used,none
INC-20260310-83f65b3ff0, 2026-03-10,scam,social_engineering,Reddit,https://www.reddit.com/r/CryptoScams/comments/1rpyeen/being_scammed_for_50000/,Victim was persuaded by an online investment group to move funds into a trading platform where fake profits were displayed and additional payments were demanded as commissions to unlock withdrawals.,Trusted an online investment group promoting managed crypto trading profits,Invest only through licensed regulated platforms and verify company registration through official regulators,none
INC-20260310-b5f6579bc5, 2026-03-10,scam,blackmail_extortion,Decrypt,https://decrypt.co/360553/fake-police-officers-held-french-couple-at-knifepoint-in-1m-bitcoin-robbery,Attackers posing as police officers entered a couples home near Versailles and threatened them with a knife forcing the victims to transfer approximately one million dollars in Bitcoin to a wallet controlled by the criminals.,none_obvious,Use multi signature custody requiring multiple devices or parties to authorize transfers,none
INC-20260310-6b0d551eae, 2026-03-10,user_mistake,lost_wallet_access,Reddit,https://www.reddit.com/r/CryptoCurrency/comments/1rpwslg/recover_wallet/,User lost the paper backup containing the MetaMask seed phrase and private key for a wallet holding fourteen ETH and can no longer access the wallet.,Lost the only backup of the wallet recovery phrase,Create multiple secure offline backups of the recovery phrase stored in separate locations,none
INC-20260310-ff0f12bf1c, 2026-03-10,scam,social_engineering,Reddit,https://www.reddit.com/r/CryptoScams/comments/1rpumvg/recent_run_in_with_crypto_scam/,Victim was approached in a Facebook trading group and moved to WhatsApp where scammers directed the victim to deposit Bitcoin into a fake trading platform that displayed manipulated balances and fees.,Trusted an unsolicited trading group and deposited funds into their platform,Refuse invitations to trade through private chat groups and avoid depositing funds into platforms promoted there,none
INC-20260310-06fa05c257, 2026-03-10,hack,malware,Reddit,https://www.reddit.com/r/CryptoScams/comments/1rprhh7/i_had_bitcoin_transferred_from_my_exodus_wallet/,User installed pirated software that contained malware which compromised the computer and allowed attackers to access wallet credentials and transfer Bitcoin from the Exodus wallet.,Installed pirated software that infected the device with malware,Avoid installing pirated software and run wallet software only on clean trusted devices,none
INC-20260310-18e98323da, 2026-03-10,user_mistake,address_poisoning_copy_paste,Reddit,https://www.reddit.com/r/TREZOR/comments/1rpn9up/missing_btc_on_trezor/,User sent Bitcoin to an address copied from wallet history which likely matched an address from an address poisoning attack causing funds to be sent to an attacker controlled address.,Copied a destination address from transaction history without verifying it belonged to the wallet,Always generate and verify the receiving address directly from the wallet receive screen before sending funds,none
INC-20260309-84fc619acd, 2026-03-09,scam,social_media_scam,Reddit,https://www.reddit.com/r/CryptoScams/comments/1rpl2em/can_anyone_confirm_that_vyroxo152_is_a_scam/,Victim encountered a fake MrBeast promotion circulating through hacked Discord accounts that directed users to a casino website showing fake balances and requiring a deposit before withdrawal.,Trusted a celebrity themed crypto promotion shared through compromised accounts,Ignore celebrity giveaway promotions that require account creation or deposits,none
INC-20260309-b6a7e9200b, 2026-03-09,user_mistake,tax_recordkeeping,Reddit,https://www.reddit.com/r/CryptoTax/comments/1rpeth8/crypto_gambling_just_paying_the_1099da_instead/,User generated large numbers of crypto gambling transactions and later struggled to reconstruct tax reporting and cost basis from thousands of records.,Did not maintain organized transaction and cost basis records during activity,Export transaction records regularly and track cost basis using portfolio or tax tracking software,none
INC-20260309-b18b72f6e9, 2026-03-09,scam,crypto_wallet_scam,Reddit,https://www.reddit.com/r/CryptoScams/comments/1rp166o/br20_question/,User received payment in an obscure token labeled Bull Run 2.0 and questioned how to convert it which indicates a likely scam token intended to lure victims into interacting with malicious contracts.,Accepted payment in an unknown token without verifying legitimacy,Accept payments only in established cryptocurrencies and verify token contracts before interacting,none
INC-20260309-0d63ab7d1a, 2026-03-09,hack,smart_contract_scam,X,https://x.com/m13_digital/status/2031122780977013009,A vulnerability in the Gondi Purchase Bundler contract allowed an attacker to drain NFTs that users had previously approved for the protocol even without active loans.,Granted contract approval allowing the protocol to transfer NFTs,Review and limit NFT transfer approvals granted to DeFi protocols,taxonomy pressure resolved
INC-20260312-057ae5b07e, 2026-03-12,scam,social_media_scam,Reddit,https://www.reddit.com/r/CryptoScams/comments/1rrci97/zeowax_2500_scam/,Scammers promoted a fake crypto casino through hacked social media accounts offering a two thousand five hundred dollar bonus but requiring a deposit for verification before withdrawal.,Trusted a promotional giveaway shared from a compromised social media account,Ignore giveaway promotions requiring deposits before withdrawal,none
INC-20260311-91312f3e48, 2026-03-11,scam,social_media_scam,Reddit,https://www.reddit.com/r/CryptoScams/comments/1rr93up/do_you_know_mikeonethmichael_kiernanhughes/,Victims reported an individual on Instagram promising to double crypto investments who accepted funds and failed to return the promised payouts after initial small proof payments.,Trusted an individual promising guaranteed investment returns on social media,Reject investment offers that promise to double funds or guarantee profits,none
INC-20260311-4ec6ac72f9, 2026-03-11,scam,exchange_scam,Reddit,https://www.reddit.com/r/CryptoScams/comments/1rr4li7/scam_alert_bitwonexchange/,Users reported that the Bitwon exchange platform blocked withdrawals and pressured victims to deposit additional funds to access their balances.,Deposited funds into a newly created exchange platform without verification,Check domain registration age and independent reputation before depositing funds to an exchange,none
INC-20260311-c5cd050d3f, 2026-03-11,hack,wallet_software_exploit,Decrypt,https://decrypt.co/360722/android-phone-crypto-wallets-could-be-exposed-to-exploit-heres-who-is-at-risk,Researchers identified a vulnerability in certain MediaTek powered Android phones that allows attackers with USB access to extract encrypted data including wallet seed phrases from affected devices.,Stored wallet seed phrases on a general purpose smartphone,Store wallet seed phrases in hardware wallets or offline storage isolated from smartphones,none
INC-20260311-01c77a1363, 2026-03-11,hack,clipboard_hijacker,Reddit,https://www.reddit.com/r/CryptoScams/comments/1rr0b5u/i_got_my_phantom_wallet_drained/,User attempting to deposit SOL observed funds sent to an unknown address after copying a destination which suggests clipboard hijacker malware replaced the wallet address during the transaction.,Used a compromised device infected with clipboard hijacker malware,Verify the full destination address after pasting and before confirming transactions,none
INC-20260311-33e0115ac7, 2026-03-11,scam,exchange_scam,Reddit,https://www.reddit.com/r/CryptoScams/comments/1rqsjue/anyone_else_having_withdrawal_issues_with_stovex/,User reported that the Stovex Global platform blocked withdrawals while continuing to display balances which indicates a fake trading platform trapping deposits.,Deposited funds into a newly created investment platform promising high returns,Check domain age and independent platform reputation before depositing funds,none
INC-20260311-89ed8bc203, 2026-03-11,user_mistake,poor_wallet_backup_practice,Reddit,https://www.reddit.com/r/ledgerwallet/comments/1rqpsty/funds_disappeared_from_ledger_nano_s_after_reset/,User restored a Ledger device using a recovery phrase that was accepted as valid but the resulting wallet showed zero balances which indicates the phrase restored a different wallet likely due to an incorrect or incomplete backup.,Recorded the recovery phrase incorrectly or restored the wrong phrase backup,Verify seed phrase backups by performing a test restore before storing significant funds,none
INC-20260311-32ea98d20a, 2026-03-11,scam,social_engineering,Reddit,https://www.reddit.com/r/Scams/comments/1rqolri/aus_possible_crypto_trading_scam/,Victim invested funds through a password protected trading platform promoted by an overseas broker and WhatsApp group that displayed fabricated profits and restricted withdrawals which indicates a coordinated investment scam operation.,Trusted a broker and trading platform promoted through WhatsApp investment group,Refuse investment offers delivered through private chat groups / independently verify company registration and history before sending funds,none
INC-20260310-4c622700b3, 2026-03-10,scam,blackmail_extortion,Reddit,https://www.reddit.com/r/CryptoScams/comments/1rqhwr5/shinyhunters_hacker_email/,Victim received a mass extortion email claiming hackers recorded explicit videos through compromised devices and demanding Bitcoin payment while threatening to release the footage.,Believed or considered responding to a fabricated sextortion email,Delete extortion emails demanding crypto payments / never send cryptocurrency to unsolicited blackmail demands,none
INC-20260310-bc4170ce8e, 2026-03-10,scam,social_media_scam,Northern Times,https://www.northern-times.co.uk/news/i-ve-been-hacked-caithness-msp-maree-todd-calls-in-police-429359/,Attackers hijacked a politician’s social media account and posted messages promoting a cryptocurrency trading scheme claiming large profits in order to lure followers into clicking links or investing.,Trusted messages or promotions appearing from a compromised public figure account,Ignore investment promotions posted from newly hacked social media accounts / verify announcements through official channels before interacting,none
INC-20260313-3f3097b3f1, 2026-03-13,scam,nft_scam,Reddit,https://www.reddit.com/r/NFT/comments/1rs8818/how_does_nft_works_and_how_to_know_if_its_a_scam/,Artist was contacted by a buyer offering 3000 USD per artwork as an NFT but directed the artist to mint on a specific platform requiring a 0.1 ETH fee far above typical mint costs. The scheme relies on a promise to purchase artwork to induce payment to a fraudulent or controlled platform.,trusted unsolicited buyer and considered paying inflated mint fee,mint NFTs only on established marketplaces you independently choose / refuse upfront mint fees requested by buyers,none
INC-20260312-d096b000bd, 2026-03-12,user_mistake,approval_misunderstanding,Beincrypto,https://beincrypto.com/ethereum-50m-defi-swap-disaster/,Trader burned about 50.43 million aEthUSDT to withdraw USDT then executed a swap through CoW Protocol that returned only about 327 AAVE tokens worth about 36000 USD likely due to a misconfigured route or extremely illiquid pool.,executed a complex DeFi swap without validating route liquidity and price impact,simulate swap route and check expected output before submitting transaction / split large swaps across liquid pools,exact routing cause unclear
INC-20260313-8e918d96ae, 2026-03-13,scam,exchange_scam,Reddit,https://www.reddit.com/r/CryptoScams/comments/1rs777c/is_feradep_legit/,User registered on a newly advertised website that credited a fake 1000 USDT bonus and later required a 70 USD deposit to verify the account before allowing withdrawals. The platform appears to operate a staged withdrawal barrier using fake balances to induce deposits.,trusted promotional offer and considered paying verification fee,refuse deposits required to unlock withdrawals / verify platform age and reputation before registering,none
INC-20260312-0b73912d3a, 2026-03-12,user_mistake,wrong_address,Reddit,https://www.reddit.com/r/Coinbase/comments/1rry6rl/warning_about_transferring_crypto_between/,User transferred IOTA from Binance to a Coinbase deposit address even though Coinbase does not support the asset which left the funds inaccessible after the transaction was completed.,sent unsupported asset to an exchange deposit address,confirm exchange supports the exact asset before transferring / test exchange deposit with a small amount first,none
INC-20260312-3ec2956c4e, 2026-03-12,user_mistake,wrong_network,Reddit,https://www.reddit.com/r/Kraken/comments/1rrq50r/usdc_deposit_on_bep20_instead_of_erc20_human/,User sent USDC to a Kraken deposit address using the BEP20 network instead of the required ERC20 network which left the tokens unrecoverable because the exchange does not support deposits on that network.,selected the wrong blockchain network during transfer,verify the exact network required by the receiving exchange before sending / send a small test transfer on the same network first,none
INC-20260312-f66e12dcbb, 2026-03-12,scam,social_media_scam,Reddit,https://www.reddit.com/r/CryptoScams/comments/1rrnhak/got_scammed_by_elon_musk/,Victim was lured to a fake crypto casino promoted with Elon Musk imagery and a screenshot showing winnings then repeatedly asked to deposit funds to unlock withdrawals. The platform demanded escalating payments labeled as verification and other fees while the displayed winnings were fictitious.,trusted celebrity themed promotion and sent deposits to unlock withdrawals,ignore celebrity endorsed gambling or giveaway promotions on social media / refuse any withdrawal condition that requires sending funds,none
INC-20260312-9a40436bff, 2026-03-12,scam,social_engineering,Reddit,https://www.reddit.com/r/CryptoScams/comments/1rrjacb/is_this_a_scam/,Individual was recruited by a contact to buy Bitcoin using a credit card and immediately forward the coins to changing wallet addresses while also selling incoming Bitcoin and forwarding proceeds. The scheme uses the participant to route funds through multiple wallets which commenters identify as likely fraud and laundering activity.,agreed to perform cryptocurrency transfers for a third party in exchange for fees,refuse requests to buy or transfer cryptocurrency for another person using their payment methods / never forward funds to multiple wallets on behalf of a recruiter,possible laundering scheme description only
INC-20260312-1d5ede342a, 2026-03-12,scam,social_media_scam,Reddit,https://www.reddit.com/r/CryptoScams/comments/1rrixei/i_need_help_from_getting_scammed_on_zeowax/,User registered on a website called Zeowax after seeing a friend's hacked Instagram story and the platform displayed a fake 2500 USD balance to lure the user into interacting with the site. The site prevents account deletion and is designed to pressure victims into attempting withdrawals that likely require deposits.,trusted promotional link from a hacked social media account,ignore investment or casino links posted from compromised social media accounts / avoid registering accounts on unknown platforms promoted through stories or DMs,none
INC-20260312-1cd8311bc5, 2026-03-12,scam,smart_contract_scam,Cryptorank,https://cryptorank.io/news/feed/19661-solana-memecoin-launchpad-bonkfun-hacked,Attackers hijacked the BonkFun memecoin launchpad domain and deployed a wallet drainer that displayed a fake compliance or terms prompt. Users who signed the message unknowingly authorized malicious transactions allowing attackers to drain funds from connected wallets.,signed a wallet prompt on a compromised website domain,avoid signing wallet prompts on websites during security incidents / verify official platform domain status before interacting with wallet requests,domain compromise and phishing overlap
INC-20260312-b995ba6683, 2026-03-12,scam,smart_contract_scam,X,https://x.com/web3_antivirus/status/2032110978578407659,Wallet drainer exploited a token approval after the victim authorized AuthRegistry to spend PAXG which allowed attackers to transfer about 54200 USD worth of PAXG and split the funds across three addresses.,approved a malicious token spending permission,inspect token spender address and contract purpose before approving / avoid signing approval requests from unknown contracts,exact lure that triggered approval unclear
